1997	22	MDA	3	0	0	0	0	-1	0	0	0	0	0	0	0	0	1	0.0	0	0:00
1998	23	MDA	73	3	5	8	3	-12	24	1	2	0	0	4	0	1	61	4.9	685	9:23
1999	24	MDA	63	7	11	18	7	-13	26	6	1	0	1	11	0	0	102	6.9	830	13:11
2000	25	MDA	12	1	1	2	1	1	2	1	0	0	0	1	0	0	18	5.6	127	11:37
1995	23	TBL	5	0	0	0	0	0	2	0	0	0	0	0	0	0	1	0.0	0	0:00
1996	24	TBL	4	0	0	0	0	-3	5	0	0	0	0	0	0	0	1	0.0	0	0:00
2002	29	EDM	13	0	0	0	0	-2	4	0	0	0	0	0	0	0	2	0.0	103	8:55
1997	22	BOS	82	8	19	27	10	-14	38	6	2	0	1	19	0	0	144	5.6	0	0:00
1998	23	BOS	77	7	10	17	6	-14	18	7	0	0	2	8	1	1	146	4.8	1281	17:38
1999	24	BOS	81	10	16	26	10	1	24	10	0	0	4	15	0	1	186	5.4	1354	17:43
2000	25	BOS	81	8	15	23	8	-12	27	8	0	0	2	15	0	0	146	5.5	1013	13:30
2001	26	BOS	78	7	17	24	9	6	16	5	0	2	0	15	2	0	127	5.5	1146	15:42
2002	27	BOS	66	17	19	36	14	8	24	13	2	2	1	15	2	2	122	13.9	1097	17:37
2003	28	BOS	68	6	14	20	7	2	42	6	0	0	1	13	1	0	107	5.6	1109	16:19
2005	30	BOS	59	10	18	28	10	-3	4	7	1	2	1	16	1	1	113	8.8	1039	18:36
2006	31	BOS	55	11	16	27	10	-10	52	6	3	2	0	9	0	7	81	13.6	1076	20:34
2007	32	BOS	75	13	16	29	11	11	15	11	0	2	2	14	2	0	100	13.0	1320	18:36
2008	33	BOS	75	6	24	30	10	-1	16	4	2	0	0	15	0	9	87	6.9	1217	16:14
2005	27	MTL	4	0	0	0	0	-1	9	0	0	0	0	0	0	0	0	10.8	12	3:58
2006	28	LAK	66	4	4	8	3	-12	140	4	0	0	0	4	0	0	37	12.5	461	7:59
2007	29	LAK	73	6	2	8	4	-10	134	6	0	0	0	2	0	0	48	8.0	548	8:30
2008	30	LAK	76	2	0	2	1	-8	145	2	0	0	2	0	0	0	25	0.0	484	6:22
1989	22	STL	4	0	3	0	17	98	81	.827	4.90	0	208	109	-5.35	0.1	0	0	0	0
1990	23	STL	8	2	3	3	25	228	203	.890	3.05	0	492	138	0.99	1.3	0	1	1	0
1991	24	STL	10	3	6	0	38	259	221	.853	4.87	0	468	91	-9.03	0.6	0	0	0	4
1992	25	TBL	43	8	24	4	150	1194	1044	.874	3.97	1	2268	90	-12.59	5.3	0	2	2	7
1993	26	TBL	15	5	6	3	54	374	320	.856	3.88	0	834	118	-14.76	0.7	0	0	0	0
1968	23	MNS	74	15	34	49	17	-26	88	11	4	0	3	25	0	9	157	9.6	0	0:00
1969	24	MNS	75	10	24	34	12	-4	82	6	4	0	0	15	1	8	136	7.4	0	0:00
1970	25	MNS	77	18	19	37	15	2	26	18	0	0	4	17	0	2	186	9.7	0	0:00
1970	25	CBH	59	14	12	26	11	-3	16	14	0	0	3	12	0	0	155	9.0	0	0:00
1970	25	CBH	18	4	7	11	4	5	10	4	0	0	1	5	0	2	31	12.9	0	0:00
1971	26	STL	68	9	12	21	8	-4	39	9	0	0	2	11	0	1	88	10.2	0	0:00
1971	26	STL	48	6	9	15	6	0	28	6	0	0	2	8	0	1	63	9.5	0	0:00
1971	26	MFS	20	3	3	6	3	-4	11	3	0	0	0	3	0	0	25	12.0	0	0:00
1997	20	PHX	66	9	8	17	7	4	102	8	1	0	1	7	0	1	115	7.8	0	0:00
1998	21	PHX	32	4	4	8	3	1	46	4	0	0	2	4	0	0	48	8.3	370	12:33
1999	22	NYI	64	22	20	42	18	-18	100	13	9	0	1	12	0	8	135	16.3	1086	17:58
2000	23	NYI	51	18	14	32	14	-19	59	10	7	1	4	10	0	4	129	14.0	991	19:26
2001	24	NYI	79	17	21	38	15	1	113	13	4	0	2	19	0	2	142	12.0	1209	15:18
2002	25	NYI	66	13	15	28	11	-9	43	11	2	0	3	12	0	3	119	10.9	909	14:46
2002	25	EDM	53	10	13	23	9	-9	34	8	2	0	2	11	0	2	90	11.1	737	14:54
2002	25	EDM	13	3	2	5	2	0	9	3	0	0	1	1	0	1	29	10.3	172	13:14
2003	26	BOS	51	10	8	18	8	-2	54	9	1	0	2	8	0	0	80	12.5	651	13:46
2005	28	NYR	58	6	17	23	8	-2	46	5	1	0	0	15	0	2	112	5.4	807	14:55
2006	29	VAN	19	1	4	5	2	5	14	0	1	0	0	4	0	0	36	2.8	259	14:36
1971	20	BOS	1	1	0	1	1	3	0	1	0	0	0	0	0	0	2	50.0	0	0:00
1972	21	BOS	72	5	22	27	9	27	109	5	0	0	1	22	0	0	80	6.3	0	0:00
1973	22	BOS	76	11	24	35	13	30	94	11	0	0	1	24	0	0	86	12.8	0	0:00
1974	23	BOS	68	15	20	35	14	15	146	13	2	0	2	20	0	0	93	16.1	0	0:00
1975	24	BOS	79	23	27	50	20	3	150	21	2	0	2	25	0	2	135	17.0	0	0:00
1976	25	BOS	77	14	41	55	19	38	147	12	1	1	4	40	0	1	137	10.2	0	0:00
1977	26	BOS	71	29	61	90	32	40	211	24	5	0	4	45	0	16	166	17.5	0	0:00
1978	27	BOS	77	26	51	77	28	7	205	23	3	0	5	41	0	10	120	21.7	0	0:00
1979	28	BOS	70	19	42	61	22	17	265	16	3	0	5	35	0	7	105	18.1	0	0:00
1980	29	BOS	19	8	35	43	14	2	223	8	0	0	0	30	0	5	84	9.5	0	0:00
1981	30	BOS	58	22	30	52	21	23	213	21	0	1	3	25	2	3	114	19.3	0	0:00
1982	31	BOS	63	6	14	20	7	16	40	5	0	1	1	12	1	1	23	26.1	0	0:00
2008	26	ATL	53	4	8	12	4	-2	50	4	0	0	0	6	0	2	43	9.3	834	16:45
2009	27	ANA	3	0	0	0	0	-1	2	0	0	0	0	0	0	0	1	0.0	32	11:35
2010	28	STL	9	1	2	3	1	1	9	0	1	0	0	2	0	0	11	9.1	110	12:10
1997	21	CHI	25	7	4	11	5	-1	10	4	3	0	2	2	0	2	34	20.6	0	0:00
1998	22	NYI	4	0	2	2	1	4	2	0	0	0	0	2	0	0	4	0.0	47	12:38
1999	23	NYI	26	4	7	11	4	-8	16	4	0	0	0	5	0	2	40	10.0	352	14:33
1992	20	SJS	37	7	16	23	8	-9	40	5	2	0	0	8	0	8	83	8.4	0	0:00
1993	21	SJS	81	26	38	64	24	16	24	22	4	0	3	24	1	13	157	16.6	0	0:00
1994	22	SJS	48	9	16	25	9	-6	30	5	3	1	2	14	0	2	83	10.8	0	0:00
1995	23	SJS	73	14	40	54	19	2	54	5	8	1	1	16	0	24	166	8.4	0	0:00
1995	23	COL	7	1	3	4	1	2	4	0	1	0	0	1	0	2	21	4.8	0	0:00
1995	23	COL	66	13	37	50	17	0	50	5	7	1	1	15	0	22	145	9.0	0	0:00
1996	24	COL	80	23	45	68	25	4	88	10	13	0	4	15	1	29	232	9.9	0	0:00
1997	25	COL	66	13	38	51	17	-12	65	4	9	0	2	12	0	26	135	9.6	0	0:00
1998	26	COL	39	7	25	32	10	10	22	3	4	0	3	8	0	17	81	8.6	862	22:06
1999	27	CAR	82	16	36	52	18	17	46	10	6	0	1	19	0	17	210	7.6	1861	23:41
2000	28	CAR	72	12	32	44	15	-25	71	6	4	2	2	16	1	15	145	8.3	1598	22:12
2001	29	FLA	46	14	38	52	18	-7	58	11	3	0	1	24	0	14	172	8.1	2025	24:24
2001	29	FLA	37	4	19	23	7	-4	34	3	1	0	0	16	0	3	71	5.6	897	19:30
2001	29	MDA	82	10	19	29	11	-3	24	8	2	0	1	8	0	11	101	9.9	1128	30:30
2002	30	MDA	51	12	32	44	15	-6	56	6	6	0	3	19	0	13	137	8.8	2133	26:01
2002	30	MDA	31	7	19	26	9	-16	40	2	5	0	2	9	0	10	83	8.4	1447	28:23
2002	30	NYR	36	5	13	18	6	10	16	4	1	0	1	10	0	3	54	9.3	686	22:08
2003	31	NYR	36	5	11	16	6	-7	24	4	1	0	2	6	0	5	58	8.6	718	20:57
2005	33	SJS	17	6	14	20	7	-2	28	4	2	0	2	3	0	11	58	10.3	754	21:56
1993	22	VAN	19	2	4	6	2	-3	18	1	1	0	1	4	0	0	18	11.1	0	0:00
1995	24	DAL	3	0	0	0	0	-1	0	0	0	0	0	0	0	0	0	6.1	0	0:00
1998	27	PIT	67	2	8	10	3	-9	27	2	0	0	0	6	0	2	33	7.3	678	10:07
1973	21	PHI	5	0	0	0	0	-2	0	0	0	0	0	0	0	0	2	0.0	0	0:00
1974	22	CGS	80	18	25	43	17	-23	55	16	2	0	1	22	0	3	160	11.3	0	0:00
1975	23	CGS	69	32	31	63	26	-9	49	20	8	4	5	20	3	8	177	18.1	0	0:00
1976	24	CLE	80	22	41	63	23	-2	68	16	6	0	3	35	0	6	194	11.3	0	0:00
1977	25	CLE	78	16	32	48	18	-19	42	13	3	0	1	25	1	6	149	10.7	0	0:00
1978	26	MNS	79	24	34	58	23	0	30	18	6	0	4	26	0	8	135	17.8	0	0:00
1979	27	MNS	73	42	51	93	37	36	24	29	13	0	2	35	0	16	170	24.7	0	0:00
1976	20	BOS	1	0	0	0	0	0	12	0	0	0	0	0	0	0	0	0.0	0	0:00
1977	21	BOS	10	0	0	0	0	-1	14	0	0	0	0	0	0	0	4	10.5	0	0:00
1989	24	CHI	2	0	0	0	0	0	15	0	0	0	0	0	0	0	0	20.7	0	0:00
1990	25	CHI	53	6	1	7	4	-3	320	4	2	0	0	1	0	0	29	18.8	0	0:00
1991	26	CHI	63	6	3	9	4	1	318	4	2	0	0	2	0	1	32	16.1	0	0:00
1992	27	OTT	81	15	10	25	11	-35	238	13	2	0	1	9	0	1	93	9.1	0	0:00
1993	28	NJD	69	4	16	20	7	19	167	4	0	0	0	16	0	0	44	7.4	0	0:00
1994	29	NJD	46	2	9	11	4	5	146	2	0	0	1	9	0	0	27	7.3	0	0:00
1995	30	NJD	57	3	8	11	4	4	226	3	0	0	0	8	0	0	41	5.4	0	0:00
1996	31	NJD	64	2	5	7	2	0	68	2	0	0	0	5	0	0	37	0.0	0	0:00
1996	31	STL	20	0	2	2	1	0	158	0	0	0	0	2	0	0	14	8.7	0	0:00
1996	31	CGY	44	2	3	5	2	0	113	2	0	0	0	3	0	0	23	0.0	0	0:00
1989	21	WSH	8	0	0	0	0	-2	2	0	0	0	0	0	0	0	11	0.0	0	0:00
1990	22	WSH	7	0	0	0	0	-1	2	0	0	0	0	0	0	0	3	0.0	0	0:00
1991	23	MNS	12	2	1	3	1	-1	2	2	0	0	0	1	0	0	6	33.3	0	0:00
1992	24	TBL	63	7	13	20	7	-20	35	3	4	0	1	8	0	5	96	7.3	0	0:00
1993	25	DET	4	0	1	1	0	-1	0	0	0	0	0	1	0	0	2	0.0	0	0:00
2000	32	CBJ	26	0	3	3	1	-9	12	0	0	0	0	2	0	1	30	0.0	311	12:57
1995	22	SJS	31	2	11	13	4	-7	14	2	0	0	0	10	0	1	58	3.4	0	0:00
1996	23	SJS	28	2	3	5	2	-8	0	1	1	0	0	3	0	0	35	5.7	0	0:00
1998	25	NSH	14	5	5	10	4	1	2	4	1	0	0	3	0	2	31	16.1	223	16:54
1999	26	NSH	79	6	22	28	9	-1	22	4	2	0	2	19	0	3	125	4.8	1159	15:41
2000	27	NSH	23	3	1	4	2	-7	2	3	0	0	0	1	0	0	38	7.9	268	12:40
2006	33	FLA	72	17	20	37	15	7	28	13	4	0	0	17	1	2	145	11.7	1182	16:25
2007	34	FLA	56	5	15	20	7	-2	20	4	1	0	0	13	0	2	108	4.6	886	16:49
2008	35	FLA	79	12	19	31	12	6	31	12	0	0	1	18	0	1	121	9.9	1205	15:15
2012	18	NJD	17	1	2	3	1	-1	6	1	0	0	0	0	0	0	22	4.5	156	9:11
1996	22	COL	5	1	1	2	1	1	0	1	0	0	0	1	0	0	6	16.7	0	0:00
1997	23	COL	5	0	0	0	0	0	6	0	0	0	0	0	0	0	5	0.0	0	0:00
1998	24	COL	7	1	1	2	1	-2	0	1	0	0	0	1	0	0	9	11.1	54	8:45
1999	25	COL	5	0	1	1	0	-2	4	0	0	0	0	0	0	1	1	0.0	43	9:37
2000	26	MIN	3	0	0	0	0	0	2	0	0	0	0	0	0	0	8	0.0	40	13:21
2010	24	CAR	13	2	0	2	1	-4	4	2	0	0	0	0	0	0	11	18.2	92	7:04
1958	22	MTL	69	13	23	36	13	0	35	13	0	0	0	0	0	0	0	11.9	0	0:00
1959	23	MTL	68	9	13	22	8	0	26	9	0	0	0	0	0	0	0	15.2	0	0:00
1960	24	CBH	61	17	16	33	13	0	22	17	0	0	0	0	0	0	0	14.7	0	0:00
1961	25	CBH	65	22	18	40	17	0	8	22	0	0	0	0	0	0	0	0.0	0	0:00
1962	26	CBH	69	20	41	61	22	0	12	20	0	0	0	0	0	0	0	6.9	0	0:00
1983	20	CBH	27	3	1	4	2	-7	42	3	0	0	0	1	0	0	21	14.3	0	0:00
1984	21	CBH	15	1	2	3	1	-1	13	1	0	0	0	2	0	0	8	12.5	0	0:00
1985	22	CBH	4	0	0	0	0	-1	2	0	0	0	0	0	0	0	2	0.0	0	0:00
1977	21	BOS	76	20	20	40	16	16	41	18	1	1	4	18	1	1	134	14.9	0	0:00
1978	22	BOS	77	15	33	48	17	20	30	15	0	0	1	31	0	2	149	10.1	0	0:00
1979	23	BOS	80	16	25	41	16	9	53	15	0	1	2	24	1	0	137	11.7	0	0:00
1980	24	BOS	52	9	5	14	6	-24	34	6	2	1	1	3	1	1	64	14.1	0	0:00
1980	24	CLR	30	4	4	8	3	-5	19	3	0	1	1	3	1	0	23	17.4	0	0:00
1980	24	CLR	22	5	1	6	3	-19	15	3	2	0	0	0	0	1	41	12.2	0	0:00
1981	25	LAK	56	11	20	31	12	-24	27	10	1	0	2	18	0	2	94	11.7	0	0:00
1991	22	SJS	8	3	0	3	2	2	0	3	0	0	0	0	0	0	12	25.0	0	0:00
1995	20	COL	4	0	1	1	0	-2	6	0	0	0	0	0	0	1	4	0.0	0	0:00
1996	21	BOS	9	0	2	2	1	-1	4	0	0	0	0	1	0	1	8	0.0	0	0:00
2000	25	NYI	12	0	1	1	0	-2	0	0	0	0	0	0	0	1	8	0.0	113	9:26
2003	28	DET	8	0	1	1	0	-1	2	0	0	0	0	1	0	0	6	0.0	98	12:12
1973	21	BUF	22	3	6	9	3	-3	2	3	0	0	0	5	0	1	24	12.5	0	0:00
1974	22	BUF	53	22	21	43	18	13	8	21	1	0	1	17	0	4	90	19.2	0	0:00
1975	23	BUF	79	24	32	56	22	18	16	21	3	0	3	28	0	4	125	18.4	0	0:00
1976	24	BOS	79	38	48	86	34	26	11	32	6	0	8	38	1	9	207	18.1	0	0:00
1977	25	BOS	76	41	39	80	33	35	4	36	5	0	5	34	0	5	227	17.5	0	0:00
1978	26	BOS	74	35	45	80	32	29	10	31	4	0	4	38	0	7	200	20.7	0	0:00
1979	27	BOS	80	40	38	78	33	24	10	29	11	0	9	35	0	3	193	18.4	0	0:00
1980	28	BOS	80	37	46	83	33	12	24	21	16	0	4	29	0	17	201	20.9	0	0:00
1981	29	BOS	74	36	40	76	31	0	19	24	11	1	5	21	0	19	172	13.8	0	0:00
1982	30	BOS	65	22	52	74	26	16	23	17	5	0	2	30	0	22	160	14.9	0	0:00
1983	31	BOS	52	15	22	37	14	5	20	12	3	0	3	16	0	6	101	17.3	0	0:00
1983	31	VAN	13	14	16	30	12	7	10	12	2	0	3	12	0	4	81	5.0	0	0:00
1983	31	VAN	75	1	6	7	2	-2	10	0	1	0	0	4	0	2	20	20.2	0	0:00
1984	32	NJD	71	23	25	48	20	-20	10	14	9	0	1	17	0	8	114	20.4	0	0:00
1985	33	NJD	46	19	24	43	17	-11	14	13	6	0	0	20	0	4	93	16.3	0	0:00
1994	20	TBL	15	2	0	2	1	-2	81	2	0	0	1	0	0	0	4	50.0	0	0:00
1996	22	TBL	47	3	1	4	2	1	136	3	0	0	1	1	0	0	13	23.1	0	0:00
1997	23	PHI	23	0	0	0	0	-1	169	0	0	0	0	0	0	0	0	14.3	0	0:00
1998	24	SJS	30	1	0	1	1	-2	116	1	0	0	0	0	0	0	7	0.0	144	5:47
1999	25	SJS	13	0	1	1	0	0	97	0	0	0	0	1	0	0	2	0.0	40	3:03
2000	26	NSH	25	0	0	0	0	-5	57	0	0	0	0	0	0	0	1	0.0	94	4:45
1993	23	CGY	1	0	1	0	8	35	27	.771	8.00	0	60	88	-4.33	-0.2	0	0	0	0
1985	19	HAR	78	3	23	26	8	1	125	3	0	0	1	20	0	3	79	3.8	0	0:00
1986	20	HAR	74	9	19	28	10	17	95	8	1	0	0	18	0	1	135	6.7	0	0:00
1987	21	HAR	74	7	11	18	7	1	139	6	1	0	1	11	0	0	107	6.5	0	0:00
1987	21	CGY	33	1	6	7	2	-8	45	0	1	0	0	6	0	0	49	2.0	0	0:00
1987	21	CGY	41	6	5	11	5	9	94	6	0	0	1	5	0	0	58	10.3	0	0:00
1988	22	CGY	63	3	19	22	7	26	142	2	0	1	1	15	1	3	91	3.3	0	0:00
1989	23	CGY	78	7	13	20	7	19	140	6	1	0	0	13	0	0	97	7.2	0	0:00
1990	24	VAN	29	1	2	3	1	-7	38	1	0	0	0	2	0	0	40	2.5	0	0:00
1990	24	VAN	19	0	2	2	1	-4	30	0	0	0	0	2	0	0	25	0.0	0	0:00
1990	24	VAN	10	1	0	1	1	-3	8	1	0	0	0	0	0	0	15	6.7	0	0:00
1991	25	VAN	70	3	11	14	5	15	147	2	0	1	0	9	0	2	99	3.0	0	0:00
1992	26	VAN	79	5	11	16	6	34	196	5	0	0	2	9	2	0	82	6.1	0	0:00
1993	27	VAN	80	6	14	20	7	4	109	5	0	1	0	14	0	0	79	7.6	0	0:00
1994	28	VAN	40	0	8	8	2	14	129	0	0	0	0	8	0	0	29	0.0	0	0:00
1995	29	VAN	69	2	10	12	4	9	130	2	0	0	0	8	2	0	68	2.9	0	0:00
1996	30	VAN	61	1	7	8	2	7	118	1	0	0	0	7	0	0	70	1.4	0	0:00
1986	22	MNS	72	2	9	11	4	0	148	2	0	0	0	9	0	0	83	2.4	0	0:00
1987	23	MNS	55	9	8	17	7	-2	213	7	1	1	0	8	0	0	78	11.5	0	0:00
1988	24	MNS	56	1	19	20	6	4	54	1	0	0	1	12	0	7	78	1.3	0	0:00
1989	25	MNS	75	2	8	10	3	0	109	2	0	0	1	6	1	1	78	2.6	0	0:00
1990	26	MNS	8	7	16	23	8	12	183	5	2	0	1	13	0	3	73	9.6	0	0:00
1990	26	CGY	67	0	2	2	1	0	23	0	0	0	0	1	0	1	5	0.0	0	0:00
1990	26	CGY	78	7	14	21	8	12	160	5	2	0	1	12	0	2	68	10.3	0	0:00
1991	27	CGY	80	4	8	12	4	12	103	2	1	1	0	8	0	0	71	5.6	0	0:00
1992	28	CGY	75	6	10	16	6	28	131	6	0	0	1	8	1	1	87	6.9	0	0:00
1993	29	CGY	35	1	8	9	3	38	50	1	0	0	0	8	0	0	65	1.5	0	0:00
1994	30	OTT	65	0	5	5	1	6	61	0	0	0	0	5	0	0	18	0.0	0	0:00
1995	31	OTT	57	1	3	4	1	-10	85	1	0	0	0	3	0	0	37	2.7	0	0:00
1996	32	EDM	17	0	5	5	1	6	58	0	0	0	0	5	0	0	24	0.0	0	0:00
1997	33	EDM	39	1	2	3	1	1	8	0	0	1	1	2	0	0	8	12.5	0	0:00
1998	34	EDM	13	0	3	3	1	0	34	0	0	0	0	3	0	0	9	0.0	560	14:21
2010	23	DET	19	1	0	1	1	-3	4	1	0	0	0	0	0	0	20	5.0	156	8:12
2011	24	DET	25	1	2	3	1	2	0	1	0	0	0	2	0	0	22	4.5	189	8:33
1981	19	CBH	1	0	0	0	0	0	0	0	0	0	0	0	0	0	2	0.0	0	0:00
1982	20	CBH	54	8	8	16	7	-4	27	7	1	0	2	8	0	0	53	15.1	0	0:00
1983	21	CBH	61	15	15	30	12	10	45	14	0	1	2	14	0	1	119	12.6	0	0:00
1984	22	CBH	80	26	40	66	25	16	82	16	6	4	5	25	0	15	157	16.6	0	0:00
1985	23	CBH	77	45	54	99	40	32	94	31	9	5	7	40	1	13	197	22.8	0	0:00
1986	24	CHI	79	28	43	71	27	14	59	22	4	2	3	32	1	10	127	22.0	0	0:00
1987	25	CHI	79	22	36	58	22	-17	96	17	3	2	2	23	2	11	148	14.9	0	0:00
1988	26	CHI	68	21	30	51	20	0	113	14	5	2	2	17	2	11	156	13.5	0	0:00
1989	27	CHI	75	17	38	55	20	-2	86	13	3	1	4	22	2	14	111	15.3	0	0:00
1990	28	CHI	74	14	23	37	14	13	74	10	4	0	2	13	0	10	130	10.8	0	0:00
1991	29	WIN	51	17	30	47	17	-13	69	10	5	2	1	17	1	12	156	10.9	0	0:00
1992	30	WIN	29	4	7	11	4	-15	59	2	2	0	0	7	0	0	77	5.2	0	0:00
1992	30	CHI	22	3	4	7	3	-15	34	2	1	0	0	4	0	0	45	6.7	0	0:00
1992	30	CHI	27	1	3	4	1	0	25	0	1	0	0	3	0	0	32	3.1	0	0:00
1993	31	OTT	12	2	4	6	2	2	10	1	0	1	0	3	1	0	21	9.5	0	0:00
1993	31	OTT	15	0	1	1	0	1	6	0	0	0	0	1	0	0	7	0.0	0	0:00
1993	31	PIT	46	2	3	5	2	1	4	1	0	1	0	2	1	0	14	14.3	0	0:00
1994	32	COL	33	4	12	16	6	-2	39	4	0	0	1	11	0	1	45	8.9	0	0:00
1972	22	CGS	23	0	3	3	1	-14	4	0	0	0	0	3	0	0	9	0.0	0	0:00
1973	23	CGS	58	0	12	12	3	-43	48	0	0	0	0	11	0	1	55	0.0	0	0:00
1974	24	CGS	9	0	2	2	1	2	8	0	0	0	0	2	0	0	8	0.0	0	0:00
1975	25	PHI	3	0	0	0	0	0	2	0	0	0	0	0	0	0	3	0.0	0	0:00
1976	26	PHI	59	0	20	20	6	3	24	0	0	0	0	14	0	6	56	0.0	0	0:00
1976	26	DET	36	0	13	13	4	21	14	0	0	0	0	9	0	4	32	0.0	0	0:00
1976	26	PHI	23	0	7	7	2	-18	10	0	0	0	0	5	0	2	24	0.0	0	0:00
1978	28	PHI	5	0	0	0	0	0	0	0	0	0	0	0	0	0	3	0.0	0	0:00
1980	30	WSH	71	1	17	18	5	46	53	1	0	0	0	17	0	0	65	1.5	0	0:00
1989	22	WSH	41	2	7	9	3	-10	58	2	0	0	0	7	0	0	29	6.9	0	0:00
1990	23	WSH	17	0	3	3	1	0	19	0	0	0	0	3	0	0	8	0.0	0	0:00
1991	24	WIN	9	0	1	1	0	-2	18	0	0	0	0	1	0	0	2	0.0	0	0:00
1992	25	WIN	10	1	0	1	1	0	6	1	0	0	1	0	0	0	4	25.0	0	0:00
1993	26	WIN	6	0	0	0	0	0	2	0	0	0	0	0	0	0	1	0.0	0	0:00
1994	27	WIN	10	0	2	2	1	1	2	0	0	0	0	2	0	0	5	0.0	0	0:00
1995	28	WIN	1	0	0	0	0	-1	2	0	0	0	0	0	0	0	1	0.0	0	0:00
1998	31	PHX	13	1	2	3	1	2	4	1	0	0	0	2	0	0	11	9.1	108	8:18
1996	24	EDM	61	11	20	31	12	9	16	10	1	0	2	16	1	3	85	12.9	0	0:00
1997	25	EDM	78	9	9	18	7	-9	39	5	2	2	0	6	0	3	59	15.3	0	0:00
1998	26	EDM	44	21	18	39	16	4	20	16	4	1	4	12	1	5	116	18.1	1235	16:50
1999	27	EDM	82	9	5	14	6	-2	8	7	2	0	3	4	0	1	65	13.8	628	14:16
2000	28	EDM	80	15	21	36	14	5	24	11	1	3	3	16	2	3	122	12.3	1259	15:21
2001	29	EDM	69	8	19	27	10	-4	18	6	0	2	1	12	2	5	98	8.2	1172	15:39
2001	29	NYR	11	7	17	24	8	5	14	5	0	2	1	10	2	5	84	8.3	998	14:27
2001	29	NYR	32	1	2	3	1	-9	4	1	0	0	0	2	0	0	14	7.1	174	16:51
2002	30	NSH	53	12	19	31	12	-2	22	9	2	1	1	18	0	1	143	8.4	1416	17:40
2002	30	NSH	39	6	6	12	5	-3	4	4	1	1	1	6	0	0	62	9.7	501	16:39
2002	30	EDM	9	6	13	19	7	1	18	5	1	0	0	12	0	1	81	7.4	915	17:16
1990	21	PHI	16	2	1	3	1	-5	15	1	1	0	0	1	0	0	16	12.5	0	0:00
1995	20	CGY	15	3	3	6	3	-4	0	1	2	0	0	1	0	2	22	13.6	0	0:00
1996	21	CGY	2	0	0	0	0	0	4	0	0	0	0	0	0	0	2	0.0	0	0:00
1997	22	CGY	2	0	0	0	0	1	2	0	0	0	0	0	0	0	2	0.0	0	0:00
2000	25	CGY	7	0	0	0	0	-2	0	0	0	0	0	0	0	0	6	0.0	101	14:28
2001	26	PHI	74	12	15	27	11	10	10	10	1	1	2	14	1	0	109	11.0	1031	14:56
2002	27	PHI	76	11	15	26	10	-1	13	9	1	1	0	12	0	3	105	10.5	940	12:22
2003	28	CAR	66	5	7	12	5	6	8	5	0	0	0	5	1	1	56	8.9	780	12:49
2006	31	LAK	19	0	2	2	1	-5	4	0	0	0	0	2	0	0	4	0.0	181	10:32
1969	22	TOR	1	0	1	1	0	1	2	0	0	0	0	1	0	0	1	0.0	0	0:00
1970	23	TOR	4	0	0	0	0	1	0	0	0	0	0	0	0	0	1	0.0	0	0:00
1972	25	NYI	70	1	5	6	2	-22	95	1	0	0	0	5	0	0	38	2.6	0	0:00
1972	25	DET	39	0	4	4	1	-21	59	0	0	0	0	4	0	0	20	0.0	0	0:00
1972	25	KCS	31	1	1	2	1	-1	36	1	0	0	0	1	0	0	18	5.6	0	0:00
1974	27	KCS	8	0	2	2	1	3	14	0	0	0	0	2	0	0	5	0.0	0	0:00
2003	21	NYR	20	1	0	1	1	-5	24	1	0	0	0	0	0	0	18	5.6	185	9:16
2005	23	MTL	36	5	1	6	3	-2	44	5	0	0	1	1	0	0	25	20.0	333	9:15
2006	24	MTL	43	2	1	3	1	-10	32	2	0	0	0	1	0	0	28	7.1	360	8:23
2007	25	MTL	7	0	0	0	0	0	19	0	0	0	0	0	0	0	3	0.0	44	6:14
2007	25	FLA	1	0	0	0	0	0	0	0	0	0	0	0	0	0	0	0.0	13	13:46
2007	25	PHX	6	0	0	0	0	0	19	0	0	0	0	0	0	0	3	0.0	31	5:09
1994	20	MTL	3	0	0	0	0	0	4	0	0	0	0	0	0	0	0	9.4	0	0:00
1995	21	MTL	48	3	4	7	3	5	163	3	0	0	1	4	0	0	32	12.2	0	0:00
1996	22	MTL	64	5	3	8	4	-7	124	5	0	0	0	3	0	0	41	12.5	0	0:00
1996	22	HAR	56	4	2	6	3	-8	114	4	0	0	0	2	0	0	32	11.1	0	0:00
1996	22	CAR	8	1	1	2	1	1	10	1	0	0	0	1	0	0	9	9.8	0	0:00
1997	23	OTT	53	5	4	9	4	3	118	5	0	0	2	4	0	0	51	0.0	0	0:00
1997	23	OTT	7	0	1	1	0	2	22	0	0	0	0	1	0	0	3	10.4	0	0:00
1997	23	CHI	46	5	3	8	4	1	96	5	0	0	2	3	0	0	48	2.7	0	0:00
1998	24	DAL	42	1	6	7	2	-2	79	1	0	0	0	6	0	0	37	3.0	299	7:07
1975	21	CBH	64	1	2	3	1	-6	44	1	0	0	0	2	0	0	61	1.6	0	0:00
1976	22	CBH	77	10	11	21	9	-7	71	10	0	0	0	10	0	1	84	11.9	0	0:00
1977	23	CBH	70	14	17	31	12	11	41	12	2	0	3	13	1	3	124	11.3	0	0:00
1978	24	CBH	79	19	32	51	19	4	38	14	4	1	0	26	0	6	220	8.6	0	0:00
1979	25	CBH	74	16	34	50	18	-16	60	8	8	0	1	14	0	20	224	7.1	0	0:00
1980	26	CBH	77	13	47	60	20	6	93	7	6	0	1	24	0	23	206	6.3	0	0:00
1981	27	CBH	45	8	22	30	10	1	48	4	3	1	0	10	0	12	109	7.3	0	0:00
1982	28	CBH	79	7	32	39	13	24	73	2	5	0	1	16	0	16	186	3.8	0	0:00
1983	29	CBH	78	11	37	48	16	1	78	7	3	1	1	19	1	17	190	5.8	0	0:00
1984	30	CBH	80	5	38	43	13	13	56	1	4	0	1	23	0	15	156	3.2	0	0:00
1985	31	CBH	79	9	29	38	13	6	75	6	3	0	1	21	1	7	139	6.5	0	0:00
1986	32	CHI	62	6	38	44	13	-9	80	2	4	0	1	18	0	20	177	3.4	0	0:00
1987	33	CHI	15	6	20	26	9	-7	44	5	1	0	0	7	3	10	97	6.2	0	0:00
1988	34	CHI	49	2	4	6	2	-4	27	0	2	0	0	1	0	3	19	10.5	0	0:00
1973	25	ATF	62	0	3	3	1	-20	34	0	0	0	0	3	0	0	67	0.0	0	0:00
1974	26	ATF	55	4	8	12	4	11	30	4	0	0	1	8	0	0	47	8.5	0	0:00
1974	26	VAN	42	3	3	6	2	5	22	3	0	0	1	3	0	0	34	8.8	0	0:00
1974	26	VAN	13	1	5	6	2	6	8	1	0	0	0	5	0	0	13	7.7	0	0:00
1975	27	VAN	65	2	5	7	2	3	28	1	0	1	0	5	0	0	48	4.2	0	0:00
2007	23	LAK	4	1	0	1	1	-2	6	1	0	0	0	0	0	0	2	50.0	45	11:18
1991	19	BOS	5	3	1	4	2	2	0	2	1	0	0	1	0	0	20	15.0	0	0:00
1992	20	BOS	27	3	4	7	3	-6	8	1	2	0	1	4	0	0	28	10.7	0	0:00
1993	21	BOS	81	18	13	31	13	-1	48	18	0	0	4	13	0	0	114	15.8	0	0:00
1994	22	BOS	35	5	2	7	3	-11	46	5	0	0	2	2	0	0	64	7.8	0	0:00
1995	23	PIT	69	14	15	29	11	4	57	14	0	0	2	15	0	0	100	14.0	0	0:00
1996	24	PIT	77	16	14	30	12	-21	32	13	3	0	1	12	0	2	153	10.5	0	0:00
1996	24	LAK	66	11	11	22	9	-19	24	8	3	0	1	10	0	1	127	8.7	0	0:00
1996	24	LAK	11	5	3	8	4	-2	8	5	0	0	0	2	0	1	26	19.2	0	0:00
1997	25	LAK	81	29	31	60	24	6	54	19	7	3	7	23	0	8	193	15.0	0	0:00
1998	26	LAK	61	16	15	31	13	-14	36	10	3	3	3	12	0	3	173	9.2	1254	21:33
1999	27	LAK	78	29	33	62	24	13	60	18	10	1	2	25	0	8	202	14.4	1443	19:30
2000	28	LAK	64	18	21	39	15	9	32	14	3	1	1	18	2	1	138	13.0	1165	18:12
2001	29	BOS	82	41	30	71	31	31	40	32	9	0	9	24	1	5	246	16.7	1620	20:45
2001	29	BOS	9	6	5	11	5	5	0	2	4	0	2	3	0	2	34	17.6	172	19:08
2001	29	BOS	73	35	25	60	26	26	40	30	5	0	7	21	1	3	212	16.5	1448	20:50
2002	30	BOS	82	44	48	92	37	9	64	21	12	0	5	31	1	16	260	13.3	1854	23:36
2003	31	BOS	81	32	28	60	25	17	56	17	11	0	9	25	0	3	195	12.3	1696	21:56
2005	33	BOS	64	24	29	53	21	-8	52	16	6	1	3	14	2	13	201	12.3	1292	20:12
2007	26	CBJ	39	6	4	10	4	0	12	6	0	0	0	4	0	0	45	13.3	457	12:42
2008	27	CBJ	67	8	3	11	5	-6	10	7	1	0	3	2	1	0	89	9.0	755	11:16
2009	28	CBJ	46	5	2	7	3	-6	6	5	0	0	0	1	1	0	73	6.8	477	10:22
2010	29	CBJ	29	4	4	8	3	2	4	4	0	0	1	3	1	0	48	8.3	330	11:23
2011	30	SJS	39	1	3	4	1	3	4	1	0	0	0	3	0	0	33	3.0	300	8:42
2012	31	STL	1	0	0	0	0	0	0	0	0	0	0	0	0	0	2	0.0	8	8:49
1987	18	VAN	5	0	0	0	0	-1	2	0	0	0	0	0	0	0	4	0.0	0	0:00
1988	19	VAN	8	0	1	1	0	-1	2	0	0	0	0	1	0	0	10	0.0	0	0:00
1989	20	VAN	12	1	1	2	1	-13	0	1	0	0	1	1	0	0	6	16.7	0	0:00
1990	21	VAN	42	5	1	6	3	-11	90	5	0	0	0	1	0	0	19	26.3	0	0:00
1991	22	VAN	6	0	1	1	0	-2	6	0	0	0	0	1	0	0	2	0.0	0	0:00
1992	23	OTT	44	3	7	10	4	-23	30	3	0	0	0	7	0	0	55	5.5	0	0:00
1952	19	NYR	15	3	1	4	2	0	0	3	0	0	0	0	0	0	0	0.0	0	0:00
1953	20	NYR	27	1	3	4	1	0	20	1	0	0	0	0	0	0	0	14.2	0	0:00
1954	21	NYR	66	14	16	30	12	0	36	14	0	0	0	0	0	0	0	5.7	0	0:00
1971	21	STL	63	20	23	43	18	-4	19	15	5	0	3	15	0	8	176	11.4	0	0:00
1972	22	STL	64	22	31	53	20	8	53	19	3	0	4	27	1	3	217	10.1	0	0:00
1972	22	NYR	15	18	27	45	17	13	48	15	3	0	3	23	1	3	182	9.9	0	0:00
1972	22	NYR	69	4	4	8	3	-5	5	4	0	0	1	4	0	0	35	11.4	0	0:00
1973	23	LAK	16	15	17	32	13	0	38	14	1	0	2	12	1	4	170	8.8	0	0:00
1973	23	LAK	53	2	1	3	1	-2	0	2	0	0	0	1	0	0	28	7.1	0	0:00
1973	23	LAK	78	13	16	29	12	2	38	12	1	0	2	11	1	4	142	9.2	0	0:00
1974	24	LAK	76	30	38	68	27	32	44	24	3	3	6	28	1	9	175	17.1	0	0:00
1975	25	LAK	72	26	42	68	26	-3	61	18	7	1	5	29	1	12	205	12.7	0	0:00
1976	26	LAK	64	25	36	61	24	15	58	13	9	3	3	27	0	9	165	15.2	0	0:00
1977	27	LAK	80	20	36	56	21	-1	48	13	7	0	6	26	2	8	207	9.7	0	0:00
1978	28	LAK	68	16	29	45	17	-12	38	11	4	1	2	20	2	7	150	10.7	0	0:00
1979	29	LAK	28	27	22	49	21	-12	29	17	7	3	1	18	1	3	176	15.3	0	0:00
1980	30	LAK	74	16	23	39	15	-7	54	13	2	1	1	17	3	3	131	12.2	0	0:00
1986	19	DET	5	0	1	1	0	0	2	0	0	0	0	1	0	0	3	0.0	0	0:00
1987	20	DET	50	10	9	19	8	-4	37	9	1	0	2	6	0	3	82	12.2	0	0:00
1988	21	DET	26	1	7	8	2	-7	28	1	0	0	0	5	0	2	29	3.4	0	0:00
1989	22	DET	71	10	19	29	11	5	60	8	2	0	1	19	0	0	117	8.5	0	0:00
1989	22	EDM	9	3	1	4	2	4	4	3	0	0	1	1	0	0	16	18.8	0	0:00
1989	22	EDM	62	7	18	25	9	1	56	5	2	0	0	18	0	0	101	6.9	0	0:00
1990	23	EDM	80	27	35	62	24	2	35	22	4	1	4	21	2	12	141	19.1	0	0:00
1991	24	CHI	80	35	47	82	32	17	52	23	10	2	2	35	1	11	193	18.1	0	0:00
1992	25	CHI	19	7	10	17	6	-3	18	2	5	0	1	4	0	6	43	16.3	0	0:00
1993	26	CHI	81	31	39	70	27	1	111	20	7	4	4	19	1	19	222	14.0	0	0:00
1994	27	CHI	40	23	18	41	18	7	89	16	7	0	3	9	1	8	120	19.2	0	0:00
1995	28	STL	70	22	29	51	20	-3	86	14	8	0	3	22	0	7	212	10.4	0	0:00
1996	29	STL	75	20	25	45	18	-1	69	15	4	1	2	17	1	7	151	13.2	0	0:00
1997	30	SJS	37	9	13	22	9	9	36	5	4	0	0	10	0	3	81	11.1	0	0:00
1997	30	SJS	27	4	9	13	5	8	22	2	2	0	0	8	0	1	52	7.7	0	0:00
1997	30	BOS	10	5	4	9	4	1	14	3	2	0	0	2	0	2	29	17.2	0	0:00
1998	31	WSH	76	25	23	48	20	10	73	18	7	0	2	15	0	8	176	14.2	1121	15:45
1999	32	WSH	55	12	15	27	11	1	94	8	4	0	2	12	0	3	118	10.2	815	15:49
1988	21	PHI	75	4	31	35	11	-3	68	1	3	0	1	16	0	15	116	3.4	0	0:00
1989	22	PHI	75	14	27	41	15	-7	95	10	4	0	1	15	0	12	160	8.8	0	0:00
1990	23	PHI	80	11	31	42	14	-7	58	5	6	0	2	8	0	23	203	5.4	0	0:00
1991	24	PHI	73	5	14	19	6	-2	84	5	0	0	0	10	0	4	132	3.8	0	0:00
1991	24	BOS	31	2	8	10	3	-4	33	2	0	0	0	5	0	3	50	4.0	0	0:00
1991	24	BOS	42	3	6	9	3	2	51	3	0	0	0	5	0	1	82	3.7	0	0:00
1992	25	FLA	49	5	12	17	6	-13	62	2	3	0	2	8	0	4	68	7.4	0	0:00
1993	26	FLA	84	14	29	43	16	-11	71	5	9	0	2	10	0	19	172	8.1	0	0:00
1994	27	FLA	46	6	16	22	8	-14	24	1	5	0	0	10	0	6	94	6.4	0	0:00
1995	28	FLA	70	8	22	30	10	5	30	4	4	0	0	9	2	11	125	6.4	0	0:00
1996	29	FLA	80	8	15	23	8	3	51	6	2	0	0	9	2	4	137	5.8	0	0:00
1997	30	FLA	79	6	11	17	6	-3	46	3	3	0	0	8	2	1	123	4.9	0	0:00
1998	31	ATL	51	0	7	7	2	4	16	0	0	0	0	5	0	2	56	0.0	1017	20:57
1999	32	ATL	58	1	10	11	3	-26	38	1	0	0	0	6	1	3	74	1.4	1315	23:41
2000	33	BOS	27	3	11	14	5	-11	12	1	2	0	0	3	2	6	44	6.8	560	21:44
1980	19	LAK	80	16	60	76	25	17	79	10	5	1	1	32	3	25	153	10.5	0	0:00
1981	20	LAK	79	22	44	66	24	-13	95	13	8	1	2	24	1	19	191	11.5	0	0:00
1982	21	LAK	77	14	48	62	21	2	81	5	9	0	2	26	1	21	172	8.1	0	0:00
1983	22	LAK	78	13	36	49	17	8	50	11	2	0	2	21	0	15	149	8.7	0	0:00
1983	22	WSH	6	0	3	3	1	-4	0	0	0	0	0	2	0	1	11	0.0	0	0:00
1983	22	WSH	72	13	33	46	16	12	50	11	2	0	2	19	0	14	138	9.4	0	0:00
1984	23	WSH	79	13	42	55	19	21	51	10	3	0	0	23	1	18	153	8.5	0	0:00
1985	24	WSH	78	21	44	65	24	2	50	12	8	1	2	24	1	19	180	11.7	0	0:00
1986	25	WSH	80	23	58	81	29	25	39	15	8	0	4	36	1	21	226	10.2	0	0:00
1987	26	WSH	79	8	53	61	19	2	72	1	7	0	1	22	1	30	201	4.0	0	0:00
1988	27	MNS	78	11	35	46	16	0	82	5	6	0	1	15	0	20	160	6.9	0	0:00
1988	27	MNS	65	7	29	36	12	-5	70	4	3	0	0	13	0	16	129	5.4	0	0:00
1988	27	MNS	13	4	6	10	4	5	12	1	3	0	1	2	0	4	31	12.9	0	0:00
1989	28	PIT	77	10	58	68	22	-13	44	6	4	0	1	29	0	29	173	5.8	0	0:00
1990	29	PIT	75	9	34	43	14	-6	68	6	3	0	2	15	0	19	188	4.8	0	0:00
1990	29	PIT	31	4	11	15	5	-8	38	3	1	0	2	4	0	7	103	3.9	0	0:00
1990	29	PIT	44	5	23	28	9	2	30	3	2	0	0	11	0	12	85	5.9	0	0:00
1991	30	PIT	77	21	56	77	26	33	48	12	7	2	3	31	0	25	206	10.2	0	0:00
1992	31	TOR	83	22	63	85	29	45	73	14	6	2	2	27	0	36	230	9.6	0	0:00
1993	32	TOR	84	17	56	73	24	10	44	10	7	0	4	31	1	24	236	7.2	0	0:00
1994	33	DET	48	13	25	38	14	12	18	9	4	0	3	15	3	7	124	10.5	0	0:00
1995	34	DET	82	12	49	61	20	-2	34	4	8	0	1	18	0	31	182	6.6	0	0:00
1996	35	DET	81	9	36	45	15	3	20	4	5	0	1	18	0	18	158	5.7	0	0:00
1996	35	DET	69	7	32	39	13	1	20	3	4	0	0	16	0	16	137	5.1	0	0:00
1996	35	DET	12	2	4	6	2	2	0	1	1	0	1	2	0	2	21	9.5	0	0:00
2007	29	FLA	47	2	15	17	5	0	22	1	1	0	0	4	0	11	65	3.1	723	15:23
2008	30	FLA	32	5	11	16	6	-4	14	1	4	0	0	5	0	6	55	9.1	575	18:57
2008	30	TBL	7	0	1	1	0	-1	2	0	0	0	0	0	0	1	8	0.0	71	10:10
2008	30	NJD	25	5	10	15	5	-3	12	1	4	0	0	5	0	5	47	10.6	503	20:08
2003	24	PIT	18	1	1	2	1	-6	14	1	0	0	0	1	0	0	20	5.0	213	12:49
2005	26	PIT	41	1	5	6	2	-9	24	1	0	0	0	4	1	0	48	2.1	470	11:29
2007	28	PHX	3	0	1	1	0	1	0	0	0	0	0	1	0	0	3	0.0	35	12:44
1975	22	CGS	78	22	27	49	20	-13	53	13	9	0	3	18	0	9	166	13.3	0	0:00
1976	23	CLE	57	23	19	42	18	-5	30	17	6	0	3	14	0	5	141	16.3	0	0:00
1977	24	CLE	71	14	26	40	15	-18	27	9	5	0	4	22	0	4	131	10.7	0	0:00
1976	20	NYR	59	32	24	56	23	5	47	21	11	0	6	17	0	7	223	14.3	0	0:00
1977	21	NYR	66	27	28	55	23	-5	41	17	10	0	1	20	0	8	188	14.4	0	0:00
1978	22	NYR	40	15	22	37	14	-6	6	11	4	0	2	15	0	7	133	11.3	0	0:00
1979	23	NYR	66	28	21	49	21	-11	20	21	6	1	2	14	0	7	178	15.7	0	0:00
1979	23	EDM	56	23	19	42	18	-11	16	17	5	1	2	12	0	7	143	16.1	0	0:00
1979	23	EDM	10	5	2	7	3	0	4	4	1	0	0	2	0	0	35	14.3	0	0:00
1980	24	DET	40	10	9	19	8	-16	18	6	4	0	2	7	0	2	102	9.8	0	0:00
1970	24	MTL	1	0	2	2	1	0	2	0	0	0	0	1	0	1	2	0.0	0	0:00
1971	25	MTL	11	1	1	2	1	8	8	1	0	0	0	1	0	0	16	6.3	0	0:00
1972	26	MTL	69	2	22	24	7	39	55	2	0	0	2	20	0	2	54	3.7	0	0:00
1973	27	LAK	76	8	20	28	10	-11	85	7	1	0	1	15	0	5	160	5.0	0	0:00
1974	28	LAK	70	13	29	42	15	39	116	10	2	1	0	18	1	10	201	6.5	0	0:00
1975	29	LAK	76	6	29	35	11	13	103	4	2	0	1	17	0	12	172	3.5	0	0:00
1976	30	LAK	67	9	23	32	11	36	79	9	0	0	1	22	0	1	125	7.2	0	0:00
1977	31	LAK	32	2	17	19	6	2	68	2	0	0	0	15	1	1	144	1.4	0	0:00
1978	32	LAK	35	8	23	31	11	2	70	6	2	0	1	18	0	5	116	6.9	0	0:00
1978	32	ATF	80	3	12	15	5	0	46	3	0	0	1	9	0	3	63	4.8	0	0:00
1978	32	ATF	74	5	11	16	6	2	24	3	2	0	0	9	0	2	53	9.4	0	0:00
1979	33	CGY	73	5	16	21	7	2	48	5	0	0	1	15	1	0	68	7.4	0	0:00
1981	19	TOR	3	0	0	0	0	-4	2	0	0	0	0	0	0	0	0	0.0	0	0:00
1982	20	TOR	2	0	1	1	0	-3	0	0	0	0	0	1	0	0	2	0.0	0	0:00
1984	22	TOR	8	0	0	0	0	0	0	0	0	0	0	0	0	0	1	0.0	0	0:00
1985	23	TOR	6	0	1	1	0	-3	4	0	0	0	0	1	0	0	2	10.1	0	0:00
1986	24	EDM	79	7	22	29	10	45	85	7	0	0	2	20	1	1	69	7.1	0	0:00
1987	25	EDM	72	4	15	19	6	32	77	3	0	1	0	13	2	0	56	12.5	0	0:00
1988	26	EDM	69	5	13	18	6	43	71	5	0	0	1	11	2	0	40	11.9	0	0:00
1989	27	EDM	71	5	12	17	6	22	81	3	0	2	0	11	1	0	42	2.1	0	0:00
1990	28	EDM	76	1	9	10	3	10	77	1	0	0	0	7	1	1	47	5.3	0	0:00
1991	29	EDM	54	2	5	7	2	11	34	2	0	0	0	5	0	0	38	0.0	0	0:00
1992	30	EDM	81	0	11	11	3	-14	75	0	0	0	0	7	4	0	60	0.0	0	0:00
1992	30	CHI	72	0	11	11	3	-15	67	0	0	0	0	7	4	0	51	0.0	0	0:00
1992	30	CHI	9	0	0	0	0	1	8	0	0	0	0	0	0	0	9	4.4	0	0:00
1993	31	BUF	82	2	12	14	4	31	66	1	0	1	2	11	1	0	45	0.0	0	0:00
1993	31	BUF	9	0	4	4	1	3	4	0	0	0	0	4	0	0	6	5.1	0	0:00
1993	31	BUF	73	2	8	10	3	28	62	1	0	1	2	7	1	0	39	0.0	0	0:00
1994	32	WIN	40	0	6	6	2	-4	36	0	0	0	0	6	0	0	32	2.4	0	0:00
1995	33	PIT	72	1	7	8	2	-6	106	1	0	0	0	7	0	0	41	0.0	0	0:00
1995	33	DAL	47	0	4	4	1	-12	69	0	0	0	0	4	0	0	25	6.3	0	0:00
1978	20	WSH	55	7	4	11	5	-18	81	6	1	0	1	4	0	0	60	11.7	0	0:00
1979	21	WSH	77	15	19	34	14	-8	240	13	2	0	3	19	0	0	140	10.7	0	0:00
1980	22	WSH	55	7	14	21	8	-9	166	6	1	0	0	13	0	1	96	7.3	0	0:00
1981	23	PIT	38	1	14	15	4	-7	126	1	0	0	0	13	0	1	52	1.9	0	0:00
1981	23	LAK	27	1	7	8	2	-7	76	1	0	0	0	6	0	1	44	2.3	0	0:00
1974	18	CBH	74	7	4	11	5	-3	36	7	0	0	2	3	0	1	59	11.9	0	0:00
1975	19	CBH	64	11	17	28	11	-5	72	10	1	0	1	17	0	0	90	12.2	0	0:00
1976	20	CBH	78	10	14	24	10	-17	111	10	0	0	1	11	0	3	90	11.1	0	0:00
1977	21	CBH	80	14	24	38	14	-1	135	11	3	0	0	17	0	7	157	8.9	0	0:00
1978	22	CBH	42	19	15	34	14	-14	99	14	5	0	1	14	0	1	136	14.0	0	0:00
1979	23	CBH	73	39	26	65	28	3	122	25	14	0	7	20	0	6	228	17.1	0	0:00
1980	24	CBH	3	18	14	32	14	-18	81	11	6	1	4	9	0	5	168	10.7	0	0:00
1981	25	CBH	12	30	19	49	22	-9	141	27	3	0	3	15	0	4	184	16.3	0	0:00
1963	22	DET	3	0	1	1	0	0	2	0	0	0	0	0	0	0	0	4.7	0	0:00
1969	28	OAK	71	3	6	9	3	-21	53	2	0	1	0	3	0	3	64	0.0	0	0:00
1970	29	CGS	73	0	14	14	4	-36	38	0	0	0	0	13	0	1	72	0.0	0	0:00
1970	29	MNS	66	0	14	14	4	-34	32	0	0	0	0	13	0	1	68	0.0	0	0:00
1970	29	CLC	7	0	0	0	0	-2	6	0	0	0	0	0	0	0	4	4.5	0	0:00
1972	31	CLC	67	2	13	15	5	0	62	2	0	0	0	0	0	0	0	5.6	0	0:00
1973	32	CLC	76	3	7	10	4	0	39	2	1	0	0	0	0	0	0	0.0	0	0:00
1974	33	CLC	78	4	17	21	7	-6	65	3	0	1	0	0	0	0	89	50.0	0	0:00
1975	34	EDO	37	1	6	7	2	-13	12	1	0	0	0	0	0	0	18	2.2	0	0:00
1991	24	PIT	1	0	0	0	0	-1	2	0	0	0	0	0	0	0	0	0.0	0	0:00
1984	18	NJD	77	17	37	54	19	-31	69	7	9	1	0	30	1	6	157	10.8	0	0:00
1985	19	NJD	79	25	41	66	25	-20	45	19	5	1	1	34	0	7	168	14.9	0	0:00
1986	20	NJD	80	26	50	76	28	-7	75	15	10	1	4	25	1	24	193	13.5	0	0:00
1987	21	NJD	78	37	57	94	36	19	114	18	17	2	1	37	0	20	215	17.2	0	0:00
1988	22	NJD	80	31	43	74	28	-23	119	18	12	1	4	32	1	10	182	17.0	0	0:00
1989	23	NJD	76	30	56	86	31	-1	74	21	9	0	6	44	0	12	200	15.0	0	0:00
1990	24	NJD	45	19	51	70	24	1	76	12	7	0	3	27	5	19	221	8.6	0	0:00
1991	25	MTL	33	36	41	77	31	15	86	20	15	1	7	26	0	15	191	18.8	0	0:00
1992	26	MTL	12	37	57	94	35	8	77	25	12	0	4	35	1	21	231	16.0	0	0:00
1993	27	MTL	51	23	34	57	22	-1	96	12	9	2	3	20	0	14	168	13.7	0	0:00
1994	28	MTL	15	11	16	27	10	-18	47	6	4	1	2	13	0	3	97	11.3	0	0:00
1994	28	NYI	36	8	11	19	7	-21	33	5	3	0	1	9	0	2	81	9.9	0	0:00
1994	28	NYI	76	3	5	8	3	3	14	1	1	1	1	4	0	1	16	18.8	0	0:00
1995	29	TOR	66	13	19	32	12	-13	57	6	7	0	1	14	1	4	102	12.7	0	0:00
1995	29	TOR	10	4	3	7	3	-10	15	4	0	0	0	2	0	1	23	17.4	0	0:00
1995	29	FLA	70	9	16	25	9	-3	42	2	7	0	1	12	1	3	79	11.4	0	0:00
1996	30	FLA	82	21	19	40	17	-25	89	10	10	1	4	14	0	5	174	12.1	0	0:00
1996	30	FLA	47	20	17	37	16	-23	85	10	9	1	3	13	0	4	153	13.1	0	0:00
1996	30	DAL	55	1	2	3	1	-2	4	0	1	0	1	1	0	1	21	4.8	0	0:00
1997	31	DAL	78	8	21	29	10	-14	54	7	1	0	3	17	1	3	115	7.0	0	0:00
1998	32	DAL	55	4	11	15	5	-11	49	4	0	0	1	10	0	1	107	3.7	1186	14:28
1995	22	EDM	5	0	0	0	0	-4	6	0	0	0	0	0	0	0	4	0.0	0	0:00
1997	24	EDM	7	0	0	0	0	0	17	0	0	0	0	0	0	0	6	0.0	0	0:00
1998	25	NJD	54	1	4	5	2	1	50	1	0	0	0	4	0	0	82	1.2	1007	19:39
1998	25	CHI	1	0	0	0	0	0	0	0	0	0	0	0	0	0	4	0.0	10	10:54
1998	25	CHI	53	1	4	5	2	1	50	1	0	0	0	4	0	0	78	1.3	997	19:49
1999	26	TBL	41	3	4	7	3	-9	45	2	0	1	0	2	0	2	51	5.9	781	19:03
1999	26	TBL	11	2	3	5	2	-1	13	1	0	1	0	1	0	2	19	10.5	197	18:54
1999	26	COL	30	1	1	2	1	-8	32	1	0	0	0	1	0	0	32	3.1	584	19:29
2000	27	COL	18	0	3	3	1	-7	19	0	0	0	0	1	0	2	17	0.0	252	14:59
2000	27	COL	10	0	3	3	1	-7	15	0	0	0	0	1	0	2	14	0.0	186	19:34
2000	27	LAK	8	0	0	0	0	0	4	0	0	0	0	0	0	0	3	0.0	66	8:14
2001	28	WSH	22	1	1	2	1	1	9	1	0	0	0	0	0	1	26	3.8	227	10:20
2002	29	WSH	32	0	2	2	1	3	19	0	0	0	0	2	0	0	9	0.0	209	7:33
1981	24	STL	45	25	34	59	23	11	4	15	10	0	3	24	0	10	141	17.7	0	0:00
1982	25	STL	49	17	30	47	17	-5	6	12	5	0	0	23	0	7	128	13.3	0	0:00
1983	26	STL	79	41	44	85	34	-8	19	28	13	0	6	28	0	16	228	18.0	0	0:00
1984	27	STL	77	40	52	92	36	5	6	27	13	0	4	37	0	15	252	15.9	0	0:00
1985	28	STL	48	44	46	90	37	-5	21	30	14	0	8	25	0	21	203	21.7	0	0:00
1985	28	CGY	29	28	24	52	22	-7	10	19	9	0	4	12	0	12	142	19.7	0	0:00
1985	28	CGY	79	16	22	38	15	2	11	11	5	0	4	13	0	9	61	26.2	0	0:00
1986	29	CGY	79	47	40	87	36	18	14	32	15	0	5	25	0	15	206	22.8	0	0:00
1987	30	CGY	78	40	44	84	34	28	30	28	12	0	7	31	0	13	205	19.5	0	0:00
1988	31	CGY	47	51	59	110	44	6	16	37	13	1	5	31	1	27	270	18.9	0	0:00
1989	32	PIT	77	36	33	69	29	9	24	25	8	3	2	17	0	16	236	15.3	0	0:00
1990	33	PIT	72	17	22	39	15	12	6	9	8	0	4	15	0	7	85	20.0	0	0:00
1991	34	PIT	84	42	45	87	35	19	30	28	14	0	3	33	0	12	226	18.6	0	0:00
1992	35	PIT	45	33	37	70	28	9	14	21	9	3	9	27	1	9	175	18.9	0	0:00
1993	36	PIT	37	38	32	70	29	15	41	30	6	2	3	24	1	7	231	16.5	0	0:00
1994	37	BOS	54	16	21	37	14	-2	6	9	5	2	1	16	1	4	78	20.5	0	0:00
1982	20	WIN	75	24	26	50	21	11	14	17	7	0	1	19	0	7	194	12.4	0	0:00
1983	21	WIN	69	21	41	62	23	-12	28	13	4	4	1	29	0	12	164	12.8	0	0:00
1984	22	WIN	79	32	39	71	28	15	32	24	8	0	4	27	0	12	191	16.8	0	0:00
1985	23	WIN	69	28	34	62	25	-17	38	15	13	0	3	19	0	15	211	13.3	0	0:00
1986	24	WIN	74	19	32	51	19	-2	20	12	7	0	4	24	0	8	185	10.3	0	0:00
1987	25	NYR	78	25	29	54	21	-2	42	15	10	0	4	20	0	9	147	17.0	0	0:00
1988	26	NYR	76	29	35	64	25	7	60	18	8	3	5	24	2	9	217	13.4	0	0:00
1989	27	NYR	79	27	41	68	26	7	42	17	7	3	3	25	1	15	186	14.5	0	0:00
1990	28	NYR	72	19	43	62	22	12	44	15	4	0	3	31	1	11	188	10.1	0	0:00
1991	29	SJS	81	18	28	46	18	-14	66	10	5	3	1	20	1	7	168	10.7	0	0:00
2007	19	PHX	81	22	32	54	20	-13	32	15	7	0	3	17	0	15	201	10.9	1398	17:16
2008	20	PHX	72	13	23	36	13	-7	24	8	5	0	4	17	0	6	138	9.4	1158	16:05
2009	21	PHX	69	13	24	37	13	-1	16	9	4	0	2	17	0	7	124	10.5	965	14:59
2009	21	COL	54	4	13	17	6	-5	8	3	1	0	1	12	0	1	89	4.5	698	13:55
2009	21	COL	15	9	11	20	8	4	8	6	3	0	1	5	0	6	35	25.7	268	18:50
2011	23	FLA	32	7	9	16	6	-3	8	6	1	0	1	5	0	4	82	8.5	469	15:39
2010	22	TOR	3	0	0	0	0	0	2	0	0	0	0	0	0	0	5	0.0	30	10:07
1998	24	VAN	73	16	20	36	14	-9	98	10	4	2	1	13	0	7	119	13.4	1124	15:24
1999	25	VAN	45	8	11	19	7	11	21	7	1	0	1	10	0	1	79	10.1	629	14:59
1999	25	NYI	33	4	8	12	4	6	17	3	1	0	1	7	0	1	53	7.5	481	15:34
1999	25	NYI	12	4	3	7	3	5	4	4	0	0	0	3	0	0	26	15.4	149	12:23
2000	26	OTT	60	11	15	26	10	-4	33	10	1	0	2	12	0	3	90	12.2	823	14:43
2001	27	MIN	70	0	8	8	2	-3	46	0	0	0	0	8	0	0	73	0.0	684	10:46
1975	20	ATF	12	1	0	1	1	-8	4	0	1	0	0	0	0	0	17	5.9	0	0:00
1976	21	ATF	79	12	32	44	16	6	80	9	2	1	1	20	2	10	156	7.7	0	0:00
1977	22	ATF	79	9	23	32	11	11	47	9	0	0	1	20	0	3	125	7.2	0	0:00
1978	23	ATF	73	5	21	26	8	3	45	4	1	0	0	19	0	2	115	4.3	0	0:00
1978	23	LAK	37	3	12	15	5	6	22	3	0	0	0	11	0	1	58	5.2	0	0:00
1978	23	LAK	36	2	9	11	4	-3	23	1	1	0	0	8	0	1	57	3.5	0	0:00
1979	24	TOR	41	0	13	13	4	0	27	0	0	0	0	11	0	2	38	0.0	0	0:00
1979	24	WIN	15	0	3	3	1	1	16	0	0	0	0	3	0	0	8	0.0	0	0:00
2002	28	CGY	2	0	0	0	0	0	0	0	0	0	0	0	0	0	2	0.0	20	10:02
1974	21	CGS	47	5	4	9	4	-4	4	4	1	0	0	2	1	1	77	6.5	0	0:00
1975	22	CGS	44	10	16	26	10	-10	33	8	2	0	0	11	0	5	106	9.4	0	0:00
1976	23	CLE	36	7	7	14	6	-15	22	6	1	0	0	5	0	2	62	11.3	0	0:00
1976	23	LAK	35	7	7	14	6	-15	20	6	1	0	0	5	0	2	62	11.3	0	0:00
1998	24	NSH	30	0	6	6	2	-4	4	0	0	0	0	6	0	0	24	0.0	281	9:22
1999	25	NSH	41	4	5	9	4	0	10	4	0	0	0	5	0	0	50	8.0	449	11:58
2001	27	NSH	14	1	2	3	1	-2	2	1	0	0	0	2	0	0	5	20.0	119	9:31
2003	29	DET	52	3	8	11	4	3	4	2	1	0	1	8	0	0	48	6.3	544	10:27
2005	31	DET	46	4	11	15	5	13	16	4	0	0	0	11	0	0	65	6.2	382	8:18
2006	32	BOS	78	5	12	17	6	-10	26	4	0	1	0	11	0	1	60	8.3	936	12:00
2007	33	ANA	17	1	0	1	1	0	8	1	0	0	0	0	0	0	6	16.7	154	9:02
2003	23	CBJ	2	0	0	0	0	0	0	0	0	0	0	0	0	0	1	0.0	15	7:16
2005	25	CBJ	2	0	0	0	0	-2	0	0	0	0	0	0	0	0	3	0.0	21	11:35
2006	26	CBJ	7	1	0	1	1	0	0	1	0	0	0	0	0	0	10	10.0	45	6:27
2007	27	WSH	8	2	2	4	2	1	0	2	0	0	0	2	0	0	10	20.0	100	12:27
2008	28	ATL	6	1	0	1	1	1	0	1	0	0	0	0	0	0	8	12.5	70	12:39
1972	26	CGS	70	6	7	13	5	-17	8	5	1	0	1	5	1	1	71	8.5	0	0:00
1973	27	CGS	77	9	17	26	10	-19	33	7	1	1	0	13	1	3	90	10.0	0	0:00
1974	28	CGS	52	3	8	11	4	-10	8	3	0	0	1	6	0	2	31	9.7	0	0:00
1979	23	NYI	18	0	3	3	1	4	4	0	0	0	0	3	0	0	19	0.0	0	0:00
1980	24	NYI	80	2	11	13	4	19	20	2	0	0	0	11	0	0	69	2.9	0	0:00
1981	25	NYI	75	1	18	19	5	53	56	1	0	0	0	17	0	1	91	1.1	0	0:00
1982	26	NYI	79	5	11	16	6	18	44	5	0	0	1	10	1	0	135	3.7	0	0:00
1983	27	NYI	63	3	11	14	5	26	45	3	0	0	1	10	1	0	71	4.2	0	0:00
1984	28	NYI	15	1	7	8	2	5	14	1	0	0	0	7	0	0	14	7.1	0	0:00
1985	29	NYI	69	0	12	12	3	24	22	0	0	0	0	12	0	0	55	0.0	0	0:00
1986	30	NYI	64	3	8	11	4	7	32	3	0	0	0	8	0	0	52	5.8	0	0:00
1987	31	NYI	53	1	4	5	2	0	40	1	0	0	0	4	0	0	50	2.0	0	0:00
1981	18	NYR	9	1	1	2	1	-5	0	1	0	0	1	1	0	0	6	16.7	0	0:00
2002	20	BOS	11	0	0	0	0	0	8	0	0	0	0	0	0	0	4	0.0	98	9:57
2003	21	BOS	33	1	7	8	2	10	10	1	0	0	0	7	0	0	14	7.1	602	18:14
2003	21	WSH	30	1	7	8	2	10	10	1	0	0	0	7	0	0	13	7.7	545	18:11
2003	21	WSH	3	0	0	0	0	0	0	0	0	0	0	0	0	0	1	0.0	57	19:52
2005	23	WSH	80	1	13	14	4	7	91	1	0	0	0	10	3	0	56	1.8	1658	21:44
2006	24	WSH	78	3	10	13	4	3	106	3	0	0	0	9	1	0	46	6.5	1634	21:57
2007	25	WSH	76	1	9	10	3	4	63	1	0	0	1	8	1	0	47	2.1	1540	20:16
2008	26	WSH	72	3	10	13	4	4	77	3	0	0	1	10	0	0	50	6.0	1295	18:59
2009	27	BUF	68	1	11	12	4	8	68	1	0	0	1	11	0	0	32	3.1	1195	18:34
2005	26	EDM	25	11	4	3	54	457	403	.882	2.95	0	1099	120	-8.88	1.8	0	1	1	2
1969	21	PHI	66	9	10	19	8	-3	19	6	3	0	3	10	0	0	130	6.9	0	0:00
1970	22	PHI	78	5	7	12	5	-12	25	5	0	0	0	6	1	0	129	3.9	0	0:00
1971	23	PHI	58	5	5	10	4	-18	26	4	1	0	0	5	0	0	57	8.8	0	0:00
1972	24	ATF	78	6	9	15	6	-11	19	5	0	1	2	4	2	3	52	11.5	0	0:00
1973	25	ATF	52	1	4	5	2	-1	0	1	0	0	0	4	0	0	31	3.2	0	0:00
1974	26	WSH	70	7	9	16	6	-19	10	5	1	1	1	8	0	1	62	11.3	0	0:00
1974	26	PIT	18	0	4	4	1	-14	6	0	0	0	0	4	0	0	21	0.0	0	0:00
1974	26	PIT	52	7	5	12	5	-5	4	5	1	1	1	4	0	1	41	17.1	0	0:00
1975	27	PIT	78	4	5	9	4	7	8	2	0	2	0	3	2	0	24	16.7	0	0:00
1976	28	PIT	76	2	1	3	1	-6	0	2	0	0	0	0	1	0	25	8.0	0	0:00
1995	19	WIN	51	5	13	18	6	-2	22	3	2	0	0	8	0	5	97	5.2	0	0:00
1996	20	PHX	27	3	11	14	5	-4	4	2	1	0	0	4	0	7	63	4.8	0	0:00
1997	21	PHX	32	4	7	11	4	-6	16	3	1	0	1	2	0	5	61	6.6	0	0:00
1998	22	PHX	60	5	8	13	5	-10	20	3	2	0	0	4	0	4	94	5.3	972	16:12
1999	23	PHX	54	4	7	11	4	-2	24	4	0	0	1	5	0	2	94	4.3	898	17:38
1999	23	NJD	50	3	7	10	3	0	22	3	0	0	1	5	0	2	88	3.4	832	17:39
1999	23	CBJ	4	1	0	1	1	-2	2	1	0	0	0	0	0	0	6	16.7	66	16:26
2000	24	CBJ	57	7	16	23	8	-19	16	4	3	0	0	8	0	8	148	4.7	1373	24:06
2001	25	PHX	75	7	18	25	9	-34	26	4	3	0	1	7	0	11	169	4.1	1651	22:01
2002	26	CHI	51	7	10	17	6	-5	20	5	2	0	0	3	0	7	85	8.2	809	16:51
2003	27	NYI	51	4	7	11	4	-26	18	2	2	0	0	6	0	1	72	5.6	925	18:08
1986	21	QUE	25	2	7	9	3	2	16	1	1	0	0	7	0	0	22	9.1	0	0:00
1987	22	QUE	15	2	2	4	2	-3	5	1	1	0	0	1	0	1	20	10.0	0	0:00
1988	20	BOS	26	0	1	1	0	-5	29	0	0	0	0	0	0	1	23	0.0	0	0:00
1989	21	BOS	38	2	2	4	2	-11	22	2	0	0	0	2	0	0	43	4.7	0	0:00
1990	22	BOS	45	2	6	8	3	2	89	1	1	0	0	4	1	1	54	3.7	0	0:00
1991	23	BOS	75	4	16	20	6	-11	109	4	0	0	0	13	0	3	71	5.6	0	0:00
1991	23	STL	49	4	10	14	5	-8	77	4	0	0	0	8	0	2	52	7.7	0	0:00
1991	23	STL	26	0	6	6	2	-3	32	0	0	0	0	5	0	1	19	0.0	0	0:00
1992	24	WIN	75	1	10	11	3	-6	100	0	0	1	0	8	2	0	81	1.2	0	0:00
1993	25	WIN	81	8	18	26	9	-25	119	6	1	1	1	12	1	5	154	5.2	0	0:00
1994	26	MTL	43	6	17	23	8	0	78	3	3	0	2	10	1	6	107	5.6	0	0:00
1995	27	MTL	68	2	14	16	5	-4	117	1	0	1	1	7	1	6	104	1.9	0	0:00
1996	28	MTL	71	7	15	22	8	1	100	6	1	0	0	9	1	5	139	5.0	0	0:00
1997	29	MTL	71	6	10	16	6	13	97	6	0	0	0	10	0	0	88	6.8	0	0:00
1998	30	NYR	82	8	19	27	9	-23	84	6	1	1	4	15	2	2	159	5.0	1812	22:06
1999	31	CHI	75	2	14	16	5	-10	77	2	0	0	1	10	1	3	102	2.0	1430	19:04
2000	32	MTL	72	1	18	19	5	-9	60	1	0	0	0	16	0	2	109	0.9	1620	23:30
2001	33	MTL	75	6	10	16	6	-7	87	5	1	0	1	10	0	0	85	7.1	1415	19:52
2002	34	MTL	67	5	5	10	4	-4	70	5	0	0	0	5	0	0	73	6.8	1249	19:38
1968	26	TOR	40	2	7	9	3	10	95	2	0	0	1	6	1	0	42	4.8	0	0:00
1969	27	TOR	59	0	5	5	1	-14	88	0	0	0	0	5	0	0	47	0.0	0	0:00
1970	28	VAN	76	2	11	13	4	2	149	2	0	0	0	9	2	0	76	2.6	0	0:00
1971	29	VAN	57	2	3	5	2	-28	63	2	0	0	0	3	0	0	37	5.4	0	0:00
1972	30	ATF	78	2	18	20	6	2	113	1	0	1	1	18	0	0	88	2.3	0	0:00
1973	31	ATF	77	5	27	32	10	15	94	5	0	0	1	27	0	0	93	5.4	0	0:00
1974	32	ATF	59	2	19	21	6	12	156	2	0	0	0	19	0	0	68	2.9	0	0:00
2008	20	TBL	6	0	1	1	0	0	0	0	0	0	0	0	0	1	7	0.0	80	13:23
1983	18	CGY	54	19	33	52	19	-3	20	8	11	0	1	20	0	13	103	18.4	0	0:00
1984	19	CGY	74	20	38	58	21	9	22	13	7	0	3	26	0	12	143	14.0	0	0:00
1985	20	CGY	78	30	42	72	28	-12	44	10	17	3	3	24	1	17	191	15.7	0	0:00
1986	21	CGY	80	31	49	80	30	8	54	17	11	3	4	33	1	15	184	16.8	0	0:00
1986	21	PIT	16	3	6	9	3	-6	14	2	1	0	0	1	0	5	27	11.1	0	0:00
1986	21	PIT	64	28	43	71	27	14	40	15	10	3	4	32	1	10	157	17.8	0	0:00
1987	22	PIT	70	40	39	79	33	-8	50	18	21	1	4	20	1	18	235	17.0	0	0:00
1988	23	PIT	79	34	60	94	35	-37	102	18	16	0	4	28	1	31	200	17.0	0	0:00
1989	24	VAN	78	25	38	63	24	-17	49	14	11	0	5	22	0	16	181	13.8	0	0:00
1989	24	VAN	41	9	20	29	10	-15	22	4	5	0	2	11	0	9	86	10.5	0	0:00
1989	24	STL	37	16	18	34	14	-2	27	10	6	0	3	11	0	7	95	16.8	0	0:00
1990	25	PHI	78	22	38	60	23	-33	66	10	12	0	5	21	0	17	183	12.0	0	0:00
1990	25	MNS	64	18	31	49	19	-28	46	10	8	0	3	17	0	14	157	11.5	0	0:00
1990	25	OTT	14	4	7	11	4	-5	20	0	4	0	2	4	0	3	26	15.4	0	0:00
1991	26	LAK	67	11	26	37	13	-13	26	5	6	0	1	16	0	10	101	10.9	0	0:00
1992	27	OTT	11	0	4	4	1	-4	6	0	0	0	0	1	0	3	20	0.0	0	0:00
1993	28	PHI	13	7	0	7	4	0	6	5	2	0	3	0	0	0	31	22.6	0	0:00
1994	29	PIT	44	14	17	31	12	-3	32	12	2	0	4	12	1	4	78	17.9	0	0:00
1978	20	TOR	61	2	9	11	4	7	60	2	0	0	1	8	0	1	56	3.6	0	0:00
1979	21	TOR	67	6	11	17	6	-23	50	4	2	0	0	7	0	4	118	5.1	0	0:00
1979	21	CLR	32	1	4	5	2	-2	24	0	1	0	0	4	0	0	56	1.8	0	0:00
1979	21	CLR	35	5	7	12	5	-21	26	4	1	0	0	3	0	4	62	8.1	0	0:00
1980	22	CLR	71	10	24	34	12	-24	86	7	3	0	1	11	0	13	107	9.3	0	0:00
1981	23	NJD	64	5	10	15	6	-29	55	5	0	0	0	7	1	2	67	7.5	0	0:00
1982	24	HAR	74	5	12	17	6	-13	46	4	0	1	0	10	1	1	85	5.9	0	0:00
1983	25	HAR	79	5	8	13	5	-11	95	3	0	2	0	8	0	0	67	7.5	0	0:00
1984	26	HAR	71	6	16	22	8	-15	96	6	0	0	2	14	1	1	75	8.0	0	0:00
1985	27	HAR	37	5	20	25	8	21	83	4	1	0	1	17	2	1	49	10.2	0	0:00
1986	28	HAR	77	3	7	10	4	7	24	2	0	1	1	5	2	0	19	15.8	0	0:00
1987	29	HAR	69	1	8	9	3	-13	44	1	0	0	0	8	0	0	42	2.4	0	0:00
1988	30	HAR	44	4	7	11	4	3	32	4	0	0	0	6	0	1	45	8.9	0	0:00
1989	31	WSH	9	1	4	5	2	9	34	1	0	0	0	4	0	0	17	5.9	0	0:00
1951	20	BOS	31	0	3	3	1	0	6	0	0	0	0	0	0	0	0	3.7	0	0:00
1951	20	TOR	14	0	2	2	1	0	2	0	0	0	0	0	0	0	0	0.0	0	0:00
1973	24	NYJ	78	24	43	67	25	0	132	17	5	2	0	0	0	0	0	7.1	0	0:00
1974	25	SDM	80	20	61	81	27	29	143	12	7	1	0	0	0	0	280	6.6	0	0:00
1975	26	SDM	75	22	43	65	24	0	56	15	7	0	2	0	0	0	334	3.2	0	0:00
1976	27	SDM	75	8	30	38	13	-30	68	4	4	0	0	0	0	0	247	8.3	0	0:00
1977	28	INR	32	17	40	57	20	-32	49	10	6	1	0	0	0	0	206	3.6	0	0:00
1978	29	INR	5	2	7	9	3	-12	14	1	1	0	0	0	0	0	55	0.0	0	0:00
1978	29	QBN	27	0	2	2	1	-10	0	0	0	0	0	0	0	0	10	4.4	0	0:00
1978	29	CLR	41	2	5	7	2	-2	14	1	1	0	0	0	0	0	45	6.3	0	0:00
1970	22	STL	73	15	10	25	11	-2	6	12	3	0	1	9	0	1	122	12.3	0	0:00
1971	23	STL	42	2	11	13	4	-11	7	0	2	0	1	7	0	4	34	5.9	0	0:00
1972	24	MFS	70	16	24	40	15	0	20	7	9	0	0	0	0	0	0	17.5	0	0:00
1973	25	MFS	73	40	38	78	32	0	37	27	12	1	3	0	0	0	0	17.2	0	0:00
1974	26	MFS	76	31	29	60	26	11	30	22	9	0	5	0	0	0	177	11.1	0	0:00
1975	27	CGC	79	25	32	57	23	5	13	17	7	1	0	0	0	0	145	10.9	0	0:00
1979	24	PHI	3	0	2	2	1	0	0	0	0	0	0	2	0	0	1	0.0	0	0:00
1980	25	PHI	33	1	13	14	4	10	68	1	0	0	1	13	0	0	21	4.8	0	0:00
1979	19	BOS	1	0	0	0	0	0	0	0	0	0	0	0	0	0	1	0.0	0	0:00
1980	20	BOS	18	7	3	10	5	5	13	5	2	0	0	3	0	0	30	23.3	0	0:00
1981	21	BOS	3	0	0	0	0	-2	0	0	0	0	0	0	0	0	1	0.0	0	0:00
1980	18	LAK	3	0	0	0	0	-1	0	0	0	0	0	0	0	0	2	0.0	0	0:00
1981	19	LAK	4	0	0	0	0	-1	0	0	0	0	0	0	0	0	6	0.0	0	0:00
1982	20	LAK	24	3	3	6	2	-7	4	3	0	0	1	3	0	0	16	18.8	0	0:00
1997	22	NJD	11	5	4	9	4	3	0	5	0	0	1	3	0	1	19	26.3	0	0:00
1998	23	NJD	76	13	33	46	16	-4	18	8	5	0	2	17	1	15	111	11.7	1058	14:55
1999	24	NJD	56	7	28	35	11	12	18	5	2	0	1	19	0	9	96	7.3	887	16:50
1999	24	VAN	44	5	21	26	8	8	8	3	2	0	1	14	0	7	79	6.3	710	16:09
1999	24	VAN	12	2	7	9	3	4	10	2	0	0	0	5	0	2	17	11.8	176	15:41
2000	25	VAN	82	16	38	54	19	2	42	11	3	2	3	23	3	12	179	8.9	1506	18:22
2001	26	VAN	82	23	44	67	24	18	26	17	6	0	4	36	1	7	183	12.6	1587	19:21
2002	27	VAN	82	25	46	71	26	18	36	17	6	2	8	24	0	22	167	15.0	1740	21:13
2003	28	VAN	82	22	38	60	22	16	50	16	5	1	4	29	0	9	161	13.7	1651	20:08
2005	30	VAN	82	19	37	56	20	-1	84	11	8	0	5	22	0	15	156	12.2	1600	20:31
2006	31	VAN	82	20	31	51	19	-9	60	12	6	2	3	19	0	12	139	14.4	1472	18:57
2007	32	ANA	39	9	16	25	9	-3	18	6	3	0	3	5	0	11	54	16.7	600	15:23
2008	33	DAL	81	16	15	31	12	3	32	13	3	0	4	11	0	4	111	14.4	1151	14:13
2008	33	WSH	62	10	12	22	8	0	16	9	1	0	2	9	0	3	82	12.2	859	14:51
2008	33	CGY	19	6	3	9	4	3	16	4	2	0	2	2	0	1	29	20.7	292	15:23
2009	34	CGY	74	12	30	42	15	23	40	9	3	0	3	25	0	5	105	11.4	1164	16:44
2010	35	CHI	66	9	34	43	14	13	16	5	3	1	1	24	1	9	89	10.1	1102	17:42
1988	22	NJD	4	0	2	2	1	0	0	0	0	0	0	2	0	0	1	0.0	0	0:00
1989	23	NJD	20	6	7	13	5	12	8	4	2	0	1	7	0	0	17	35.3	0	0:00
1990	24	NJD	53	9	19	28	10	9	27	8	1	0	1	18	0	1	44	20.5	0	0:00
1991	25	NJD	7	1	2	3	1	-6	6	0	1	0	0	0	0	2	5	20.0	0	0:00
1992	26	NJD	15	0	3	3	1	-11	6	0	0	0	0	2	0	1	12	0.0	0	0:00
1992	26	SJS	2	0	0	0	0	-1	0	0	0	0	0	0	0	0	1	0.0	0	0:00
1992	26	BOS	13	0	3	3	1	-10	6	0	0	0	0	2	0	1	11	0.0	0	0:00
1997	20	PIT	76	13	13	26	10	-4	8	11	2	0	3	13	0	0	80	16.3	0	0:00
1998	21	PIT	67	9	10	19	8	5	14	9	0	0	0	10	0	0	75	12.0	793	12:50
1999	22	PIT	68	12	19	31	11	12	14	11	0	1	0	18	0	1	101	11.9	942	14:51
2000	23	PIT	66	5	14	19	6	-8	6	5	0	0	1	11	0	3	72	6.9	705	11:41
2001	24	PIT	72	20	29	49	19	-7	16	13	7	0	3	19	1	9	162	12.3	1203	17:42
2002	25	PIT	27	9	16	25	9	-3	16	3	6	0	2	5	0	11	46	19.6	505	19:42
2003	26	PIT	75	16	34	50	18	-24	24	8	8	0	5	17	0	17	132	12.1	1243	17:34
1997	20	MDA	1	0	0	0	0	0	0	0	0	0	0	0	0	0	0	0.0	0	0:00
1999	22	NSH	8	0	0	0	0	-3	40	0	0	0	0	0	0	0	3	0.0	87	11:55
2000	23	NSH	6	0	0	0	0	1	12	0	0	0	0	0	0	0	1	0.0	21	4:34
2001	24	NSH	15	0	0	0	0	-3	25	0	0	0	0	0	0	0	7	0.0	179	12:57
1998	27	MTL	10	0	0	0	0	1	52	0	0	0	0	0	0	0	2	0.0	22	2:13
2001	20	FLA	4	0	0	0	0	-7	5	0	0	0	0	0	0	0	2	0.0	45	11:21
2007	25	CAR	1	0	0	0	0	0	0	0	0	0	0	0	0	0	1	0.0	8	8:45
